Layers,Units,Epochs,Batch Size,Activation,Optimizer,Loss,Predictions,MAPE
3,32,30,16,relu,adam,mse,"[153.38364, 94.85156, 107.22859, 345.37817, 127.28975, 466.45508, 1325.2584, 861.8288]",2.54824810028049
3,32,30,16,relu,adam,huber_loss,"[133.44414, 130.3495, 140.46574, 177.33972, 200.70306, 301.3085, 557.38226, 1157.168]",1.8890314175440996
3,32,30,16,relu,adam,<__main__.QuantileLoss object at 0x7fc1158618e0>,"[77.406136, 77.54802, 85.17493, 88.13524, 89.00048, 88.97988, 88.61225, 88.43785]",0.42359070773721214
3,32,30,16,relu,adam,<__main__.QuantileLoss object at 0x7fc065822790>,"[196.48769, 195.0689, 255.43747, 399.26425, 495.11975, 867.2455, 1757.579, 3415.6675]",6.384556347825516
3,32,30,16,relu,rmsprop,mse,"[120.249565, 119.41633, 120.55297, 122.42446, 122.46892, 122.91692, 123.32264, 123.40288]",0.20061094257985213
3,32,30,16,relu,rmsprop,huber_loss,"[114.61447, 114.340904, 114.716995, 114.87064, 114.87022, 114.88539, 114.890495, 114.890816]",0.23157229606365815
3,32,30,16,relu,rmsprop,<__main__.QuantileLoss object at 0x7fc1158618e0>,"[77.22574, 77.22537, 77.22507, 77.22452, 77.22452, 77.22452, 77.22452, 77.22452]",0.4829992483872703
3,32,30,16,relu,rmsprop,<__main__.QuantileLoss object at 0x7fc065822790>,"[199.53233, 208.47827, 272.57462, 453.04178, 644.9381, 1248.0148, 3116.1016, 8627.27]",13.823751330509214
3,32,30,16,tanh,adam,mse,"[185.14803, 199.4067, 201.03412, 204.54587, 204.66718, 204.67873, 204.70209, 204.70285]",0.43991871608575217
3,32,30,16,tanh,adam,huber_loss,"[122.38843, 123.28176, 125.2518, 127.64803, 128.43689, 129.21107, 129.78499, 130.0922]",0.18033568692681423
3,32,30,16,tanh,adam,<__main__.QuantileLoss object at 0x7fc1158618e0>,"[75.393845, 77.40952, 79.344604, 81.277, 81.01213, 80.786354, 80.65808, 80.69071]",0.4651223972001858
3,32,30,16,tanh,adam,<__main__.QuantileLoss object at 0x7fc065822790>,"[179.23633, 176.9855, 181.38269, 187.14551, 187.08894, 187.28096, 187.47282, 187.47191]",0.35188114463397036
3,32,30,16,tanh,rmsprop,mse,"[121.36116, 118.33134, 120.83982, 123.66174, 123.337845, 124.280396, 124.96834, 125.03002]",0.19779732601969405
3,32,30,16,tanh,rmsprop,huber_loss,"[114.12499, 113.94425, 113.958084, 114.08633, 114.08473, 114.08571, 114.08715, 114.087135]",0.23638757224605725
3,32,30,16,tanh,rmsprop,<__main__.QuantileLoss object at 0x7fc1158618e0>,"[77.22453, 77.22432, 77.22392, 77.22335, 77.22335, 77.22335, 77.22335, 77.22335]",0.48300697614833876
3,32,30,16,tanh,rmsprop,<__main__.QuantileLoss object at 0x7fc065822790>,"[169.2896, 168.88747, 171.68097, 179.0701, 179.14427, 179.49942, 179.99426, 180.00812]",0.31855647242721585
3,32,30,32,relu,adam,mse,"[181.6547, 125.55032, 347.4896, 1033.2789, 2118.1116, 11468.087, 49102.625, 187919.45]",261.07485367351205
3,32,30,32,relu,adam,huber_loss,"[130.22002, 131.73566, 154.1163, 236.32872, 283.68652, 432.12903, 757.00555, 1146.8623]",2.306632044624651
3,32,30,32,relu,adam,<__main__.QuantileLoss object at 0x7fc1158618e0>,"[80.40514, 74.53039, 91.591774, 96.98227, 94.19059, 79.619934, 77.9581, 88.845436]",0.4261149472395508
3,32,30,32,relu,adam,<__main__.QuantileLoss object at 0x7fc065822790>,"[195.62697, 194.72026, 241.61026, 385.05408, 465.3398, 781.7296, 1532.134, 2822.0027]",5.409021760193054
3,32,30,32,relu,rmsprop,mse,"[125.02822, 121.05931, 126.112434, 136.62694, 137.66379, 145.27094, 154.81111, 161.34221]",0.2232872512417765
3,32,30,32,relu,rmsprop,huber_loss,"[114.68738, 114.529755, 114.60687, 114.69753, 114.69542, 114.698456, 114.70056, 114.70057]",0.23231678485940582
3,32,30,32,relu,rmsprop,<__main__.QuantileLoss object at 0x7fc1158618e0>,"[77.01518, 77.0144, 77.013214, 77.01166, 77.01165, 77.01165, 77.01165, 77.01165]",0.48442100555438383
3,32,30,32,relu,rmsprop,<__main__.QuantileLoss object at 0x7fc065822790>,"[189.2253, 187.71445, 239.98386, 364.9357, 454.09338, 731.96533, 1348.5377, 2771.8389]",5.111136680950857
3,32,30,32,tanh,adam,mse,"[121.20197, 120.47151, 121.031334, 125.564545, 125.97912, 126.34601, 127.48088, 127.72649]",0.19048926741169395
3,32,30,32,tanh,adam,huber_loss,"[145.71869, 144.89282, 176.12057, 185.07642, 186.42459, 187.82742, 188.05495, 188.09125]",0.3554443894745499
3,32,30,32,tanh,adam,<__main__.QuantileLoss object at 0x7fc1158618e0>,"[74.96482, 76.72299, 78.63073, 81.28347, 81.01519, 80.737885, 80.5234, 80.56243]",0.4666011753865751
3,32,30,32,tanh,adam,<__main__.QuantileLoss object at 0x7fc065822790>,"[177.76932, 176.50098, 179.46492, 183.23058, 183.2075, 183.2996, 183.39449, 183.39423]",0.3341588162680948
3,32,30,32,tanh,rmsprop,mse,"[123.27988, 121.994675, 121.72915, 128.86728, 128.7653, 129.82387, 132.21286, 132.46378]",0.18243492901950725
3,32,30,32,tanh,rmsprop,huber_loss,"[114.06175, 113.881584, 113.93909, 114.05541, 114.05373, 114.05534, 114.05691, 114.05691]",0.23662951797471554
3,32,30,32,tanh,rmsprop,<__main__.QuantileLoss object at 0x7fc1158618e0>,"[77.11422, 77.11568, 77.116905, 77.11851, 77.11851, 77.11851, 77.11851, 77.11851]",0.4837160776804611
3,32,30,32,tanh,rmsprop,<__main__.QuantileLoss object at 0x7fc065822790>,"[165.0031, 165.08154, 166.29567, 169.68755, 169.7217, 169.82402, 169.97502, 169.97844]",0.27399375985766483
3,32,50,16,relu,adam,mse,"[196.38403, -11.747752, 812.1346, 638.05365, 17532.607, 131696.86, 721676.25, 6333818.0]",7660.282804984135
3,32,50,16,relu,adam,huber_loss,"[197.51067, 164.53604, 386.03183, 1531.7747, 4053.798, 20799.027, 98128.27, 412348.25]",559.4850784274201
3,32,50,16,relu,adam,<__main__.QuantileLoss object at 0x7fc1158618e0>,"[112.3033, 80.75486, 87.49511, 92.8757, 92.74115, 82.40738, 78.58795, 85.89142]",0.41150173678717195
3,32,50,16,relu,adam,<__main__.QuantileLoss object at 0x7fc065822790>,"[196.43283, 245.52422, 401.00812, 891.68945, 1815.911, 5578.835, 19315.7, 59722.312]",89.4512692544101
3,32,50,16,relu,rmsprop,mse,"[129.54639, 122.09179, 129.5708, 157.41042, 163.44327, 220.64626, 383.32385, 755.81116]",1.1824540220199702
3,32,50,16,relu,rmsprop,huber_loss,"[128.54987, 123.30595, 129.8256, 145.87505, 147.99968, 162.03128, 183.05028, 203.06891]",0.32232523049773426
3,32,50,16,relu,rmsprop,<__main__.QuantileLoss object at 0x7fc1158618e0>,"[77.13155, 77.1312, 77.130806, 77.13021, 77.13021, 77.13021, 77.13021, 77.13021]",0.4836304074598508
3,32,50,16,relu,rmsprop,<__main__.QuantileLoss object at 0x7fc065822790>,"[190.1698, 190.83109, 226.47388, 349.85025, 432.95944, 738.7175, 1547.3939, 3430.978]",5.974055094557905
3,32,50,16,tanh,adam,mse,"[197.21211, 84.32285, 64.98075, 227.48521, 125.57142, 120.15504, 166.00203, 105.77905]",0.3009535104181157
3,32,50,16,tanh,adam,huber_loss,"[195.1067, 233.47827, -6.7523394, 57.787544, 161.48988, 67.79334, 96.05413, 131.16185]",0.4313740476587826
3,32,50,16,tanh,adam,<__main__.QuantileLoss object at 0x7fc1158618e0>,"[102.34105, 77.25851, 69.42838, 83.34588, 100.92811, 96.99684, 87.467705, 73.16923]",0.4224632215382922
3,32,50,16,tanh,adam,<__main__.QuantileLoss object at 0x7fc065822790>,"[196.05353, 188.14316, 207.18103, 229.65149, 229.27515, 230.56879, 231.51692, 231.5073]",0.545631122281562
3,32,50,16,tanh,rmsprop,mse,"[168.42242, 81.23886, 232.41208, 320.58682, 180.72751, 329.84424, 331.6104, 326.42465]",0.904386419917599
3,32,50,16,tanh,rmsprop,huber_loss,"[126.0027, 120.56481, 123.79926, 131.65196, 130.75548, 133.48282, 136.4762, 136.85869]",0.18119112301275797
3,32,50,16,tanh,rmsprop,<__main__.QuantileLoss object at 0x7fc1158618e0>,"[77.1929, 77.20022, 77.2098, 77.22604, 77.226036, 77.22603, 77.22602, 77.22602]",0.48303837583958453
3,32,50,16,tanh,rmsprop,<__main__.QuantileLoss object at 0x7fc065822790>,"[197.78107, 195.21843, 208.4922, 226.49762, 226.63594, 228.02888, 229.1839, 229.21202]",0.5374606709444676
3,32,50,32,relu,adam,mse,"[199.19612, 45.679848, 328.57648, 66.842896, 68.55349, 5581.81, 66.64388, 66.64388]",5.713060481842183
3,32,50,32,relu,adam,huber_loss,"[208.0607, 11.065664, 27.782457, 60.50971, 67.10127, 67.533745, 157.28862, 78.991875]",0.48587230082915717
3,32,50,32,relu,adam,<__main__.QuantileLoss object at 0x7fc1158618e0>,"[130.29402, 91.53058, 91.97882, 132.29158, 101.00169, 133.75365, 140.25095, 135.5483]",0.24271514147286657
3,32,50,32,relu,adam,<__main__.QuantileLoss object at 0x7fc065822790>,"[196.96509, 306.4594, 542.01855, 1348.816, 3704.1174, 12091.217, 42707.37, 141584.67]",207.68053431812024
3,32,50,32,relu,rmsprop,mse,"[146.84866, 115.14927, 156.13362, 340.85895, 397.29865, 1247.692, 5034.6143, 18483.168]",25.91610059481454
3,32,50,32,relu,rmsprop,huber_loss,"[119.70133, 117.765, 118.79657, 122.14643, 122.04344, 122.71433, 123.483215, 123.59559]",0.20413652316604583
3,32,50,32,relu,rmsprop,<__main__.QuantileLoss object at 0x7fc1158618e0>,"[77.11977, 77.12224, 77.12449, 77.127846, 77.127846, 77.127846, 77.127846, 77.127846]",0.4836588054637806
3,32,50,32,relu,rmsprop,<__main__.QuantileLoss object at 0x7fc065822790>,"[200.00075, 203.20929, 251.37692, 362.9593, 436.66016, 643.16626, 1050.9735, 1770.0038]",3.6688820917080207
3,32,50,32,tanh,adam,mse,"[196.63707, 197.12581, 128.14468, 189.06992, 136.81204, 119.93294, 140.12956, 152.95584]",0.21689619223240772
3,32,50,32,tanh,adam,huber_loss,"[196.57907, 189.48672, 43.46574, 73.61235, 72.64741, 65.64532, 75.66321, 77.95845]",0.4285408979543327
3,32,50,32,tanh,adam,<__main__.QuantileLoss object at 0x7fc1158618e0>,"[150.67401, 72.09821, 142.43434, 89.53231, 146.33241, 92.55354, 98.30537, 102.88467]",0.2972597423150124
3,32,50,32,tanh,adam,<__main__.QuantileLoss object at 0x7fc065822790>,"[199.13484, 205.0435, 233.4645, 242.16246, 242.35544, 242.84935, 242.95703, 242.95949]",0.6060567679506496
3,32,50,32,tanh,rmsprop,mse,"[131.97073, 98.63936, 112.24426, 167.38127, 82.77716, 162.05763, 221.69315, 98.3887]",0.36370228565382495
3,32,50,32,tanh,rmsprop,huber_loss,"[125.6833, 121.594864, 126.417534, 134.61667, 134.82202, 139.18652, 143.44202, 145.0546]",0.18494491148161193
3,32,50,32,tanh,rmsprop,<__main__.QuantileLoss object at 0x7fc1158618e0>,"[76.98449, 77.00163, 77.01707, 77.03741, 77.03738, 77.03736, 77.037346, 77.037346]",0.48432223731835033
3,32,50,32,tanh,rmsprop,<__main__.QuantileLoss object at 0x7fc065822790>,"[193.52658, 190.13316, 208.81035, 227.21732, 227.53838, 229.76059, 231.10085, 231.16083]",0.5423232453715597
3,50,30,16,relu,adam,mse,"[169.33813, 50.612125, -26.903833, 42.291077, 65.24175, 64.25914, 89.28374, 114.42919]",0.5182450391574724
3,50,30,16,relu,adam,huber_loss,"[150.94482, 134.4885, 198.42323, 472.06778, 642.7553, 1767.2384, 6114.2007, 16889.188]",25.955303628671793
3,50,30,16,relu,adam,<__main__.QuantileLoss object at 0x7fc1158618e0>,"[81.55935, 78.04373, 84.709175, 93.84323, 91.51852, 98.00874, 85.319626, 88.30113]",0.40790316385856484
3,50,30,16,relu,adam,<__main__.QuantileLoss object at 0x7fc065822790>,"[197.43855, 198.57776, 245.03864, 421.0466, 529.74524, 972.7315, 2298.06, 5140.1504]",8.887100411934762
3,50,30,16,relu,rmsprop,mse,"[123.00701, 121.42167, 123.0778, 128.22835, 128.42523, 129.89137, 131.67229, 132.1566]",0.18343624562765204
3,50,30,16,relu,rmsprop,huber_loss,"[113.7583, 113.73099, 113.73297, 113.74732, 113.74727, 113.74729, 113.74732, 113.74732]",0.23850534752731148
3,50,30,16,relu,rmsprop,<__main__.QuantileLoss object at 0x7fc1158618e0>,"[77.12299, 77.12225, 77.12125, 77.12011, 77.12011, 77.12011, 77.12011, 77.12011]",0.48369597522615
3,50,30,16,relu,rmsprop,<__main__.QuantileLoss object at 0x7fc065822790>,"[196.2346, 195.66162, 248.85309, 383.11935, 460.1133, 678.2222, 1098.4849, 1822.8225]",3.837199694319712
3,50,30,16,tanh,adam,mse,"[171.56784, 151.89412, 101.15265, 124.914925, 124.7698, 99.31923, 167.8969, 127.93833]",0.18987765991034355
3,50,30,16,tanh,adam,huber_loss,"[140.6126, 107.25492, 126.7348, 154.72482, 128.16696, 142.8678, 161.69232, 144.38174]",0.2321212905838161
3,50,30,16,tanh,adam,<__main__.QuantileLoss object at 0x7fc1158618e0>,"[76.26191, 77.54777, 79.20392, 80.901825, 80.6926, 80.49822, 80.39665, 80.423004]",0.4660742810685351
3,50,30,16,tanh,adam,<__main__.QuantileLoss object at 0x7fc065822790>,"[165.08238, 163.90097, 164.59811, 167.3885, 167.36238, 167.39265, 167.46405, 167.46356]",0.2622634421123774
3,50,30,16,tanh,rmsprop,mse,"[117.52873, 116.702934, 116.97559, 118.70082, 118.64849, 118.78498, 118.99869, 119.00455]",0.21629867924603619
3,50,30,16,tanh,rmsprop,huber_loss,"[113.612625, 113.591, 113.59906, 113.61659, 113.61656, 113.6166, 113.616646, 113.616646]",0.23939763255675595
3,50,30,16,tanh,rmsprop,<__main__.QuantileLoss object at 0x7fc1158618e0>,"[76.977905, 76.97843, 76.97915, 76.97989, 76.97989, 76.97989, 76.97989, 76.97989]",0.4846412773791037
3,50,30,16,tanh,rmsprop,<__main__.QuantileLoss object at 0x7fc065822790>,"[163.98021, 163.75246, 164.73763, 167.73051, 167.74547, 167.82405, 167.94212, 167.94408]",0.26468129570806764
3,50,30,32,relu,adam,mse,"[195.20833, 127.92595, 157.68193, 1002.841, 1047.4314, 5903.0317, 35835.465, 85489.75]",131.6517737153688
3,50,30,32,relu,adam,huber_loss,"[199.88327, 138.97572, 568.7134, 1748.8611, 5826.4976, 39238.305, 193515.1, 1019809.75]",1323.3409332426472
3,50,30,32,relu,adam,<__main__.QuantileLoss object at 0x7fc1158618e0>,"[114.60767, 76.38071, 86.402824, 99.31001, 91.92731, 105.63014, 75.513664, 94.95298]",0.3795699255471875
3,50,30,32,relu,adam,<__main__.QuantileLoss object at 0x7fc065822790>,"[195.52692, 189.99466, 232.59639, 394.6596, 458.74005, 768.37854, 1593.7467, 2869.7266]",5.496437344234094
3,50,30,32,relu,rmsprop,mse,"[123.36349, 122.76277, 125.71912, 131.65192, 132.64264, 135.24301, 138.12605, 139.48036]",0.18106821455746194
3,50,30,32,relu,rmsprop,huber_loss,"[113.75277, 113.73134, 113.73779, 113.7522, 113.75216, 113.7522, 113.75224, 113.75223]",0.23848183601980946
3,50,30,32,relu,rmsprop,<__main__.QuantileLoss object at 0x7fc1158618e0>,"[77.00063, 77.00036, 77.00043, 77.000694, 77.000694, 77.000694, 77.000694, 77.000694]",0.48449979448766123
3,50,30,32,relu,rmsprop,<__main__.QuantileLoss object at 0x7fc065822790>,"[189.26022, 190.96405, 239.19084, 374.5597, 467.85272, 745.50397, 1383.0026, 2844.1553]",5.257248235035899
3,50,30,32,tanh,adam,mse,"[181.85999, 205.3696, 218.25034, 219.40736, 219.43813, 219.44543, 219.44592, 219.44594]",0.508098183469494
3,50,30,32,tanh,adam,huber_loss,"[118.088264, 117.24675, 117.45936, 119.04973, 119.026344, 119.13286, 119.27835, 119.2858]",0.21433712740492755
3,50,30,32,tanh,adam,<__main__.QuantileLoss object at 0x7fc1158618e0>,"[68.27743, 72.940994, 88.71123, 98.8794, 99.14638, 81.55137, 77.03491, 86.94706]",0.43002811487475145
3,50,30,32,tanh,adam,<__main__.QuantileLoss object at 0x7fc065822790>,"[178.05463, 177.40102, 178.30304, 181.09738, 181.08707, 181.10785, 181.15706, 181.15692]",0.32490051785273333
3,50,30,32,tanh,rmsprop,mse,"[121.958244, 120.344345, 121.62441, 124.96347, 124.87391, 125.556145, 126.337585, 126.42605]",0.19182395376244632
3,50,30,32,tanh,rmsprop,huber_loss,"[113.62835, 113.59868, 113.61024, 113.61839, 113.61835, 113.61838, 113.61839, 113.61839]",0.2393684345536775
3,50,30,32,tanh,rmsprop,<__main__.QuantileLoss object at 0x7fc1158618e0>,"[76.980064, 76.97943, 76.97877, 76.97813, 76.97813, 76.97813, 76.97813, 76.97813]",0.48464797808705595
3,50,30,32,tanh,rmsprop,<__main__.QuantileLoss object at 0x7fc065822790>,"[162.35806, 162.33667, 162.85808, 164.71422, 164.72298, 164.753, 164.8026, 164.80319]",0.2506127565214914
3,50,50,16,relu,adam,mse,"[192.50742, 19.82104, -235.04178, 5.1460614, 61.757107, 63.29466, 51.14889, 70.790184]",0.7645491420034625
3,50,50,16,relu,adam,huber_loss,"[195.81602, 59.530693, 43.15577, 42.116405, 61.193096, 63.573856, 63.56905, 96.89687]",0.5051956295096613
3,50,50,16,relu,adam,<__main__.QuantileLoss object at 0x7fc1158618e0>,"[187.00206, 146.05713, 219.87653, 697.15295, 592.4979, 2995.8223, 12804.152, 19617.018]",36.15989885451276
3,50,50,16,relu,adam,<__main__.QuantileLoss object at 0x7fc065822790>,"[195.22029, 311.82687, 524.00037, 1499.5668, 4198.2944, 14126.537, 59098.508, 202240.28]",290.62228701371697
3,50,50,16,relu,rmsprop,mse,"[121.31942, 120.87536, 122.011215, 124.90559, 125.16005, 125.7709, 126.42469, 126.60137]",0.19120327620183955
3,50,50,16,relu,rmsprop,huber_loss,"[128.81596, 126.999016, 131.81021, 141.77444, 143.7372, 149.8531, 157.04349, 161.66133]",0.23046141213528004
3,50,50,16,relu,rmsprop,<__main__.QuantileLoss object at 0x7fc1158618e0>,"[77.12813, 77.12904, 77.129776, 77.1307, 77.1307, 77.1307, 77.1307, 77.1307]",0.4836322127154248
3,50,50,16,relu,rmsprop,<__main__.QuantileLoss object at 0x7fc065822790>,"[189.24318, 187.21811, 210.21881, 280.84204, 295.92236, 350.20868, 443.3742, 505.64166]",1.2576712268793293
3,50,50,16,tanh,adam,mse,"[196.31583, 98.59288, 214.6577, 215.32281, 214.58644, 215.3501, 215.35056, 215.35002]",0.4808016889811
3,50,50,16,tanh,adam,huber_loss,"[196.63509, 246.27554, 83.51185, 91.30936, 242.20605, 236.83017, 89.848785, 162.2064]",0.5214264142655721
3,50,50,16,tanh,adam,<__main__.QuantileLoss object at 0x7fc1158618e0>,"[100.84534, 77.068306, 68.77251, 82.16704, 86.94619, 86.05048, 91.63006, 98.31865]",0.4174700268057724
3,50,50,16,tanh,adam,<__main__.QuantileLoss object at 0x7fc065822790>,"[198.19615, 168.84747, 213.76616, 220.3106, 220.02905, 220.48006, 220.51248, 220.5114]",0.4762422275161242
3,50,50,16,tanh,rmsprop,mse,"[128.20421, 118.48015, 128.93225, 148.8094, 147.28912, 175.72006, 206.17549, 221.82327]",0.38321267306541246
3,50,50,16,tanh,rmsprop,huber_loss,"[114.140945, 113.931656, 113.93674, 114.08262, 114.08023, 114.08142, 114.08341, 114.0834]",0.2364203615649504
3,50,50,16,tanh,rmsprop,<__main__.QuantileLoss object at 0x7fc1158618e0>,"[76.976974, 76.980286, 76.98417, 76.98813, 76.98813, 76.98813, 76.98813, 76.98813]",0.484597970741862
3,50,50,16,tanh,rmsprop,<__main__.QuantileLoss object at 0x7fc065822790>,"[196.09438, 193.45653, 203.56528, 216.22168, 216.23425, 217.00279, 217.64308, 217.65236]",0.48691256178220277
3,50,50,32,relu,adam,mse,"[198.74243, 65.35649, 127.93062, 135.47841, 85.21974, 85.10354, 128.23923, 162.54388]",0.29846668448568625
3,50,50,32,relu,adam,huber_loss,"[193.89294, 59.989086, 34.061474, 63.85152, 71.71912, 63.435463, 116.953094, 98.16766]",0.43235928124923273
3,50,50,32,relu,adam,<__main__.QuantileLoss object at 0x7fc1158618e0>,"[113.14564, 85.54996, 77.24065, 98.34778, 97.6507, 91.13785, 74.330055, 81.09435]",0.4035383630325608
3,50,50,32,relu,adam,<__main__.QuantileLoss object at 0x7fc065822790>,"[197.28407, 229.01027, 293.46518, 541.35693, 802.94305, 1569.9806, 3920.5532, 9026.517]",15.540805922870128
3,50,50,32,relu,rmsprop,mse,"[141.15756, 128.74455, 170.11388, 278.91843, 555.9343, 1597.8728, 6090.882, 25581.652]",34.972521538433455
3,50,50,32,relu,rmsprop,huber_loss,"[113.83887, 113.79694, 113.81979, 113.89289, 113.8928, 113.89341, 113.89409, 113.89409]",0.23765993302604
3,50,50,32,relu,rmsprop,<__main__.QuantileLoss object at 0x7fc1158618e0>,"[76.9715, 76.97149, 76.971756, 76.972115, 76.972115, 76.972115, 76.972115, 76.972115]",0.48469171113375825
3,50,50,32,relu,rmsprop,<__main__.QuantileLoss object at 0x7fc065822790>,"[188.81166, 187.94098, 213.48181, 285.10925, 306.68024, 371.52786, 479.14114, 575.4469]",1.3988515872412997
3,50,50,32,tanh,adam,mse,"[196.59077, 108.204895, 177.9323, 135.26819, 180.27184, 127.44391, 114.147736, 128.97578]",0.1674275736740698
3,50,50,32,tanh,adam,huber_loss,"[196.4404, 65.698235, 64.32476, 115.36239, 145.50317, 67.13789, 66.612335, 204.63962]",0.43295314244069383
3,50,50,32,tanh,adam,<__main__.QuantileLoss object at 0x7fc1158618e0>,"[102.558525, 63.16863, 74.358215, 105.24161, 114.77296, 89.406235, 63.326656, 71.71432]",0.4285514630420763
3,50,50,32,tanh,adam,<__main__.QuantileLoss object at 0x7fc065822790>,"[195.32729, 164.38712, 179.39838, 232.47394, 230.96736, 232.0473, 233.03178, 233.02]",0.5501006833341257
3,50,50,32,tanh,rmsprop,mse,"[182.0461, 70.10183, 169.19725, 307.86703, 75.31529, 311.53012, 320.706, 223.75784]",0.8000008651607754
3,50,50,32,tanh,rmsprop,huber_loss,"[113.91566, 113.78239, 113.85975, 113.968094, 113.96734, 113.968796, 113.96996, 113.96996]",0.23724814262628163
3,50,50,32,tanh,rmsprop,<__main__.QuantileLoss object at 0x7fc1158618e0>,"[77.07942, 77.08338, 77.08904, 77.09763, 77.09763, 77.09763, 77.09763, 77.09763]",0.48387639561900286
3,50,50,32,tanh,rmsprop,<__main__.QuantileLoss object at 0x7fc065822790>,"[194.05379, 194.80304, 205.41112, 215.87958, 216.08539, 216.66467, 217.05557, 217.06822]",0.48615604062146356
3,64,30,16,relu,adam,mse,"[198.16908, 38.608643, -35.93101, -79.919586, 64.52958, 64.49234, 64.48992, 131.67276]",0.6707521066807419
3,64,30,16,relu,adam,huber_loss,"[199.37947, 72.430504, 97.74288, 445.87628, 262.61148, 1120.542, 5909.2944, 10442.525]",17.84991515826257
3,64,30,16,relu,adam,<__main__.QuantileLoss object at 0x7fc1158618e0>,"[74.89128, 73.116264, 87.14197, 89.972206, 90.2064, 91.26128, 90.08871, 89.88134]",0.4195922598761874
3,64,30,16,relu,adam,<__main__.QuantileLoss object at 0x7fc065822790>,"[194.40616, 196.51189, 202.01564, 202.24927, 202.34969, 199.50522, 199.11806, 198.43108]",0.4110553559319575
3,64,30,16,relu,rmsprop,mse,"[122.30835, 119.73019, 121.69374, 126.367096, 126.20971, 127.48997, 128.90387, 129.14998]",0.18837370418341762
3,64,30,16,relu,rmsprop,huber_loss,"[113.55212, 113.5498, 113.5504, 113.55181, 113.55181, 113.55181, 113.55181, 113.55181]",0.23980089768940682
3,64,30,16,relu,rmsprop,<__main__.QuantileLoss object at 0x7fc1158618e0>,"[77.16701, 77.16717, 77.167435, 77.167786, 77.167786, 77.167786, 77.167786, 77.167786]",0.48338181531884505
3,64,30,16,relu,rmsprop,<__main__.QuantileLoss object at 0x7fc065822790>,"[197.44884, 200.54564, 265.17252, 400.15088, 485.5892, 703.02997, 1073.5432, 1674.3408]",3.7297183680167687
3,64,30,16,tanh,adam,mse,"[144.08897, 119.34257, 125.62164, 134.70975, 148.44156, 149.09691, 144.98679, 135.0386]",0.18991351685745242
3,64,30,16,tanh,adam,huber_loss,"[144.79103, 124.520294, 135.55835, 157.71028, 151.36981, 152.99847, 160.31227, 159.36426]",0.24736721614721646
3,64,30,16,tanh,adam,<__main__.QuantileLoss object at 0x7fc1158618e0>,"[95.04966, 83.27482, 76.889984, 84.205696, 87.12119, 88.223206, 87.52839, 86.87715]",0.4228568196880883
3,64,30,16,tanh,adam,<__main__.QuantileLoss object at 0x7fc065822790>,"[161.15578, 161.0888, 161.07744, 161.41264, 161.41235, 161.41232, 161.41374, 161.41374]",0.23512396742856467
3,64,30,16,tanh,rmsprop,mse,"[114.32503, 114.24663, 114.30691, 114.40395, 114.40324, 114.40539, 114.407364, 114.40738]",0.2343106866744448
3,64,30,16,tanh,rmsprop,huber_loss,"[113.68323, 113.67334, 113.67922, 113.68522, 113.68522, 113.68523, 113.68523, 113.68523]",0.23891960414208235
3,64,30,16,tanh,rmsprop,<__main__.QuantileLoss object at 0x7fc1158618e0>,"[76.97974, 76.98045, 76.98103, 76.98192, 76.98192, 76.98192, 76.98192, 76.98192]",0.4846278804832559
3,64,30,16,tanh,rmsprop,<__main__.QuantileLoss object at 0x7fc065822790>,"[164.79645, 163.68869, 165.2939, 168.60863, 168.59601, 168.72324, 168.87595, 168.8779]",0.2682140293766201
3,64,30,32,relu,adam,mse,"[183.43304, 203.7736, 559.2955, 1623.0316, 5500.8003, 31977.164, 166843.22, 844924.0]",1102.4057366380405
3,64,30,32,relu,adam,huber_loss,"[146.34639, 96.423965, 94.17791, 202.34729, 58.074043, 42.504276, 230.14099, 39.32725]",0.5455588645800367
3,64,30,32,relu,adam,<__main__.QuantileLoss object at 0x7fc1158618e0>,"[92.351715, 75.45829, 71.96046, 79.231476, 93.440254, 95.31984, 83.66857, 71.67465]",0.4451954513089432
3,64,30,32,relu,adam,<__main__.QuantileLoss object at 0x7fc065822790>,"[199.27296, 212.67162, 286.60187, 498.25296, 663.1985, 1289.3643, 3245.6614, 8068.6455]",13.442343311146683
3,64,30,32,relu,rmsprop,mse,"[132.18889, 127.85076, 132.36784, 147.53377, 148.64633, 158.1813, 172.46593, 181.24869]",0.2805945039557104
3,64,30,32,relu,rmsprop,huber_loss,"[113.665955, 113.66118, 113.66178, 113.665695, 113.665695, 113.665695, 113.665695, 113.665695]",0.23904192770954347
3,64,30,32,relu,rmsprop,<__main__.QuantileLoss object at 0x7fc1158618e0>,"[77.014565, 77.01415, 77.013824, 77.01331, 77.01331, 77.01331, 77.01331, 77.01331]",0.4844132279513285
3,64,30,32,relu,rmsprop,<__main__.QuantileLoss object at 0x7fc065822790>,"[182.68866, 183.65887, 229.6238, 340.2344, 405.31546, 583.18274, 893.97705, 1366.672]",2.9646122844206197
3,64,30,32,tanh,adam,mse,"[181.36092, 136.54869, 191.46103, 191.90462, 191.78789, 191.91562, 191.91586, 191.91579]",0.358089025935742
3,64,30,32,tanh,adam,huber_loss,"[154.49355, 187.18474, 68.39094, 104.184006, 181.25247, 130.59547, 14.627224, 182.00516]",0.41930141048318864
3,64,30,32,tanh,adam,<__main__.QuantileLoss object at 0x7fc1158618e0>,"[75.328926, 78.843445, 84.48744, 89.14235, 90.09653, 89.4359, 88.37718, 88.07343]",0.4221982271196506
3,64,30,32,tanh,adam,<__main__.QuantileLoss object at 0x7fc065822790>,"[167.27051, 166.6855, 167.98387, 169.91985, 169.91505, 169.94882, 169.98642, 169.9865]",0.2737428294917734
3,64,30,32,tanh,rmsprop,mse,"[123.59392, 121.24597, 122.98438, 127.04682, 126.87758, 127.87661, 128.9408, 129.0821]",0.18401049569531336
3,64,30,32,tanh,rmsprop,huber_loss,"[113.574776, 113.56675, 113.568634, 113.57648, 113.57647, 113.57648, 113.576485, 113.576485]",0.2396466915511764
3,64,30,32,tanh,rmsprop,<__main__.QuantileLoss object at 0x7fc1158618e0>,"[77.00973, 77.009865, 77.010025, 77.01028, 77.01028, 77.01028, 77.01028, 77.01028]",0.4844359535259313
3,64,30,32,tanh,rmsprop,<__main__.QuantileLoss object at 0x7fc065822790>,"[162.42255, 161.89967, 162.58093, 164.86644, 164.86334, 164.90674, 164.97629, 164.97679]",0.25113140234250053
3,64,50,16,relu,adam,mse,"[197.70233, 53.409775, 174.03178, 593.6776, 459.29718, 1637.0887, 5459.347, 9019.982]",16.70405893907667
3,64,50,16,relu,adam,huber_loss,"[190.106, 62.716957, 34.532753, 24.274927, 63.48738, 65.16365, 64.8915, 143.82993]",0.5332925977804057
3,64,50,16,relu,adam,<__main__.QuantileLoss object at 0x7fc1158618e0>,"[105.33249, 85.38279, 70.93862, 77.86264, 80.5041, 83.29016, 81.77996, 85.118286]",0.44275307495683836
3,64,50,16,relu,adam,<__main__.QuantileLoss object at 0x7fc065822790>,"[206.05318, 168.14365, 275.40445, 822.2743, 1048.8147, 3861.4763, 15276.009, 40047.094]",61.929358928895
3,64,50,16,relu,rmsprop,mse,"[146.95732, 135.3258, 186.70457, 591.36993, 1685.2025, 9681.689, 57953.0, 328102.62]",418.52145070568463
3,64,50,16,relu,rmsprop,huber_loss,"[113.56611, 113.56087, 113.56023, 113.56377, 113.56376, 113.56376, 113.56377, 113.56377]",0.23972169333553217
3,64,50,16,relu,rmsprop,<__main__.QuantileLoss object at 0x7fc1158618e0>,"[77.03734, 77.03712, 77.03701, 77.03702, 77.03702, 77.03702, 77.03702, 77.03702]",0.4842559158778624
3,64,50,16,relu,rmsprop,<__main__.QuantileLoss object at 0x7fc065822790>,"[196.92278, 192.69124, 220.20477, 292.7366, 307.6477, 360.5997, 440.069, 491.21814]",1.2661314787916398
3,64,50,16,tanh,adam,mse,"[196.58745, 209.74855, -18.839554, -85.964195, -95.326546, 66.49324, 66.456436, 66.47974]",0.8024338676678497
3,64,50,16,tanh,adam,huber_loss,"[196.49391, 103.68061, 256.196, 268.8878, 256.82864, 268.68378, 268.6592, 268.68216]",0.7285839275274865
3,64,50,16,tanh,adam,<__main__.QuantileLoss object at 0x7fc1158618e0>,"[100.50485, 104.09595, 90.878845, 69.803246, 59.331436, 92.90174, 109.81103, 94.773895]",0.4013768209146269
3,64,50,16,tanh,adam,<__main__.QuantileLoss object at 0x7fc065822790>,"[201.97496, 104.02614, 210.63564, 214.12749, 211.78615, 213.63551, 213.63931, 213.63512]",0.46677435187703287
3,64,50,16,tanh,rmsprop,mse,"[125.56866, 123.27948, 125.83474, 132.26527, 132.66833, 134.9774, 137.47304, 138.34692]",0.17791505979954886
3,64,50,16,tanh,rmsprop,huber_loss,"[113.64774, 113.61521, 113.62457, 113.63828, 113.63823, 113.63827, 113.6383, 113.6383]",0.23924131351870054
3,64,50,16,tanh,rmsprop,<__main__.QuantileLoss object at 0x7fc1158618e0>,"[77.2142, 77.21717, 77.21893, 77.22198, 77.22198, 77.22198, 77.22198, 77.22198]",0.48302762536189675
3,64,50,16,tanh,rmsprop,<__main__.QuantileLoss object at 0x7fc065822790>,"[195.57867, 191.67468, 205.18513, 220.12991, 220.16264, 221.26627, 222.03708, 222.05257]",0.5049079387145335
3,64,50,32,relu,adam,mse,"[184.67174, 273.9301, 948.3445, 3722.4705, 17967.121, 112273.414, 641056.7, 3653569.5]",4663.506613579101
3,64,50,32,relu,adam,huber_loss,"[188.3014, 233.44867, 630.81976, 1826.5623, 6492.269, 34352.535, 167176.77, 800356.25]",1057.7967849105507
3,64,50,32,relu,adam,<__main__.QuantileLoss object at 0x7fc1158618e0>,"[95.47429, 74.42882, 71.443855, 84.654045, 124.69229, 100.84283, 151.0843, 127.06401]",0.3290239841782928
3,64,50,32,relu,adam,<__main__.QuantileLoss object at 0x7fc065822790>,"[195.44987, 264.46448, 351.23853, 727.5988, 1294.9397, 2913.3652, 8806.746, 23341.754]",37.40730086428929
3,64,50,32,relu,rmsprop,mse,"[128.22769, 117.85552, 125.06564, 150.12183, 147.02675, 186.73709, 279.69003, 482.592]",0.7457313204601936
3,64,50,32,relu,rmsprop,huber_loss,"[113.583984, 113.57157, 113.581696, 113.58955, 113.58954, 113.58956, 113.58958, 113.58958]",0.23956799057973432
3,64,50,32,relu,rmsprop,<__main__.QuantileLoss object at 0x7fc1158618e0>,"[76.94892, 76.94919, 76.94946, 76.94981, 76.94981, 76.94981, 76.94981, 76.94981]",0.4848411858965293
3,64,50,32,relu,rmsprop,<__main__.QuantileLoss object at 0x7fc065822790>,"[192.9146, 192.25446, 226.07248, 300.37094, 327.42325, 408.04587, 536.4738, 669.86896]",1.6155951114471157
3,64,50,32,tanh,adam,mse,"[169.70331, 183.1188, 82.33574, 176.97937, 88.79029, 82.47652, 88.2139, 83.57784]",0.34996116608842237
3,64,50,32,tanh,adam,huber_loss,"[196.72394, 178.47197, 66.14411, 67.17515, 67.11638, 115.39988, 96.91392, 71.19294]",0.35819144968690086
3,64,50,32,tanh,adam,<__main__.QuantileLoss object at 0x7fc1158618e0>,"[145.15952, 143.26378, 144.6967, 111.62921, 112.63435, 110.20615, 142.7795, 144.4636]",0.1946867802650607
3,64,50,32,tanh,adam,<__main__.QuantileLoss object at 0x7fc065822790>,"[196.41676, 191.80482, 189.81487, 205.8215, 205.65727, 205.59071, 206.1196, 206.115]",0.439587693067226
3,64,50,32,tanh,rmsprop,mse,"[120.17037, 119.665726, 120.833336, 122.98768, 123.14861, 123.55137, 123.90348, 123.98656]",0.1986440197722854
3,64,50,32,tanh,rmsprop,huber_loss,"[113.67664, 113.65014, 113.65057, 113.670204, 113.67013, 113.67017, 113.67024, 113.67024]",0.2390299252738613
3,64,50,32,tanh,rmsprop,<__main__.QuantileLoss object at 0x7fc1158618e0>,"[76.94171, 76.94269, 76.94347, 76.944725, 76.944725, 76.944725, 76.944725, 76.944725]",0.48487799449557817
3,64,50,32,tanh,rmsprop,<__main__.QuantileLoss object at 0x7fc065822790>,"[197.9742, 193.84602, 209.00534, 223.05246, 223.10689, 224.23732, 224.91277, 224.92882]",0.5173603245443834
5,32,30,16,relu,adam,mse,"[148.08865, 144.25941, 440.75784, 1894.0198, 8935.824, 96163.98, 802328.2, 6102045.0]",7438.4045081969525
5,32,30,16,relu,adam,huber_loss,"[191.38643, 105.71087, 87.96571, 883.77423, 1377.1005, 8916.643, 64408.72, 286733.34]",378.62322957832373
5,32,30,16,relu,adam,<__main__.QuantileLoss object at 0x7fc1158618e0>,"[72.26022, 75.40508, 87.72589, 88.40945, 89.99995, 88.41787, 86.91481, 85.424255]",0.4308235951337255
5,32,30,16,relu,adam,<__main__.QuantileLoss object at 0x7fc065822790>,"[195.15393, 247.27664, 373.07193, 943.43616, 2432.1562, 10948.2705, 53565.156, 250709.1]",332.96056829198767
5,32,30,16,relu,rmsprop,mse,"[113.50568, 113.5039, 113.50336, 113.50452, 113.50452, 113.50452, 113.50452, 113.50452]",0.24011578259616986
5,32,30,16,relu,rmsprop,huber_loss,"[113.65827, 113.65667, 113.657166, 113.65818, 113.65818, 113.65818, 113.65818, 113.65818]",0.23908826346506157
5,32,30,16,relu,rmsprop,<__main__.QuantileLoss object at 0x7fc1158618e0>,"[77.11992, 77.119934, 77.11994, 77.11996, 77.11996, 77.11996, 77.11996, 77.11996]",0.48370095245145067
5,32,30,16,relu,rmsprop,<__main__.QuantileLoss object at 0x7fc065822790>,"[163.55766, 163.45184, 163.63594, 164.43861, 164.43896, 164.44464, 164.45404, 164.45407]",0.24897393922654631
5,32,30,16,tanh,adam,mse,"[120.648926, 116.9587, 116.25025, 121.882576, 120.684265, 120.7818, 122.49118, 122.120056]",0.2083517373973735
5,32,30,16,tanh,adam,huber_loss,"[120.80446, 121.28946, 122.698074, 125.3565, 125.927345, 126.511116, 127.0985, 127.32371]",0.18909635674137046
5,32,30,16,tanh,adam,<__main__.QuantileLoss object at 0x7fc1158618e0>,"[73.73779, 76.58484, 79.24907, 81.96002, 81.569695, 81.22601, 81.033966, 81.08968]",0.4643840443631725
5,32,30,16,tanh,adam,<__main__.QuantileLoss object at 0x7fc065822790>,"[161.61673, 161.25974, 161.38496, 162.44498, 162.43939, 162.44174, 162.45842, 162.45831]",0.23982460656275487
5,32,30,16,tanh,rmsprop,mse,"[113.53756, 113.53397, 113.53376, 113.53675, 113.53674, 113.53675, 113.53675, 113.53675]",0.23990295607980083
5,32,30,16,tanh,rmsprop,huber_loss,"[113.53698, 113.53647, 113.53634, 113.53664, 113.53664, 113.53664, 113.53664, 113.53664]",0.23990033682242629
5,32,30,16,tanh,rmsprop,<__main__.QuantileLoss object at 0x7fc1158618e0>,"[77.10933, 77.109116, 77.10878, 77.1081, 77.1081, 77.1081, 77.1081, 77.1081]",0.48377842396045434
5,32,30,16,tanh,rmsprop,<__main__.QuantileLoss object at 0x7fc065822790>,"[160.66014, 160.65227, 160.65756, 160.70802, 160.70802, 160.70802, 160.70807, 160.70807]",0.23187034793930933
5,32,30,32,relu,adam,mse,"[138.18909, 131.4864, 94.36311, 108.59245, 226.59648, 147.16924, 84.90934, 481.3386]",0.717026288941289
5,32,30,32,relu,adam,huber_loss,"[192.2919, 134.40808, 463.736, 1373.2244, 4708.953, 38061.418, 232345.48, 1471371.6]",1845.3866600185165
5,32,30,32,relu,adam,<__main__.QuantileLoss object at 0x7fc1158618e0>,"[69.55799, 72.860916, 101.08178, 100.089325, 92.4115, 72.05979, 77.29606, 101.435036]",0.4210819331992654
5,32,30,32,relu,adam,<__main__.QuantileLoss object at 0x7fc065822790>,"[196.2306, 199.73952, 270.53723, 541.68976, 893.1601, 2636.0757, 10671.722, 38804.14]",54.93350588217949
5,32,30,32,relu,rmsprop,mse,"[113.69814, 113.69716, 113.697586, 113.698044, 113.698044, 113.698044, 113.698044, 113.698044]",0.23882056218253864
5,32,30,32,relu,rmsprop,huber_loss,"[113.655945, 113.65603, 113.65603, 113.655846, 113.655846, 113.655846, 113.655846, 113.655846]",0.23910183668021828
5,32,30,32,relu,rmsprop,<__main__.QuantileLoss object at 0x7fc1158618e0>,"[76.98903, 76.98902, 76.98901, 76.98899, 76.98899, 76.98899, 76.98899, 76.98899]",0.48457763372089635
5,32,30,32,relu,rmsprop,<__main__.QuantileLoss object at 0x7fc065822790>,"[163.70126, 162.82942, 164.26292, 168.08401, 168.08641, 168.27771, 168.53107, 168.53766]",0.2665742817892318
5,32,30,32,tanh,adam,mse,"[197.75041, 88.64518, 199.76627, 199.80608, 198.46109, 199.7437, 199.74278, 199.76918]",0.42113281530423957
5,32,30,32,tanh,adam,huber_loss,"[163.73738, 83.54045, 90.61605, 164.82672, 159.33502, 81.472466, 164.83548, 164.78537]",0.34136208456515316
5,32,30,32,tanh,adam,<__main__.QuantileLoss object at 0x7fc1158618e0>,"[67.3508, 67.96241, 84.376305, 84.40387, 85.094215, 87.44422, 87.52785, 87.71714]",0.44755362567605017
5,32,30,32,tanh,adam,<__main__.QuantileLoss object at 0x7fc065822790>,"[161.79398, 161.53255, 161.61647, 162.55518, 162.5514, 162.55289, 162.56644, 162.56636]",0.2403579303948045
5,32,30,32,tanh,rmsprop,mse,"[113.534386, 113.52905, 113.53035, 113.536255, 113.536255, 113.536255, 113.536255, 113.536255]",0.23991292265137426
5,32,30,32,tanh,rmsprop,huber_loss,"[113.652306, 113.65157, 113.651535, 113.65227, 113.65227, 113.65227, 113.65227, 113.65227]",0.2391270475853089
5,32,30,32,tanh,rmsprop,<__main__.QuantileLoss object at 0x7fc1158618e0>,"[77.10338, 77.10337, 77.10337, 77.10337, 77.10337, 77.10337, 77.10337, 77.10337]",0.4838119423542747
5,32,30,32,tanh,rmsprop,<__main__.QuantileLoss object at 0x7fc065822790>,"[160.59457, 160.5803, 160.58992, 160.67365, 160.67365, 160.67366, 160.6738, 160.6738]",0.2317174572306825
5,32,50,16,relu,adam,mse,"[187.84862, 327.3489, 1346.9338, 6616.9746, 42360.39, 293093.0, 1885624.2, 12571221.0]",15648.691816318837
5,32,50,16,relu,adam,huber_loss,"[191.22357, 75.281235, 61.648777, 63.118904, 214.28143, 100.10611, 61.85848, 63.528393]",0.4723249196962906
5,32,50,16,relu,adam,<__main__.QuantileLoss object at 0x7fc1158618e0>,"[193.03395, 69.18956, 93.5855, 125.627045, 90.23675, 69.23465, 153.06093, 111.24567]",0.28771373643845155
5,32,50,16,relu,adam,<__main__.QuantileLoss object at 0x7fc065822790>,"[201.55016, 214.53035, 334.11398, 847.3917, 1872.0619, 8096.545, 42387.76, 164796.1]",226.35520858619182
5,32,50,16,relu,rmsprop,mse,"[132.72147, 120.3424, 133.0849, 176.4502, 188.34349, 421.36917, 1342.271, 5906.833]",7.857890143136323
5,32,50,16,relu,rmsprop,huber_loss,"[113.66024, 113.6573, 113.65787, 113.659134, 113.659134, 113.659134, 113.659134, 113.659134]",0.23908174700742738
5,32,50,16,relu,rmsprop,<__main__.QuantileLoss object at 0x7fc1158618e0>,"[77.19241, 77.19245, 77.19253, 77.19258, 77.19258, 77.19258, 77.19258, 77.19258]",0.483214928601172
5,32,50,16,relu,rmsprop,<__main__.QuantileLoss object at 0x7fc065822790>,"[201.64061, 198.26965, 229.40312, 340.71817, 383.82465, 548.84344, 929.2367, 1663.5709]",3.2675162969812894
5,32,50,16,tanh,adam,mse,"[178.55296, 178.20486, 122.24732, 95.33056, 150.59503, 162.29865, 122.68005, 59.32938]",0.2728794311372839
5,32,50,16,tanh,adam,huber_loss,"[196.51865, 84.76329, 200.90022, 201.00824, 200.09639, 201.00824, 201.00824, 201.00824]",0.4306984578968942
5,32,50,16,tanh,adam,<__main__.QuantileLoss object at 0x7fc1158618e0>,"[140.31917, 74.56534, 81.68253, 123.28118, 84.90787, 120.80366, 130.55595, 73.51327]",0.31415077006098
5,32,50,16,tanh,adam,<__main__.QuantileLoss object at 0x7fc065822790>,"[196.59329, 102.40857, 141.6507, 198.36546, 101.377106, 197.95078, 198.36899, 107.4022]",0.3265732460310762
5,32,50,16,tanh,rmsprop,mse,"[113.543594, 113.537766, 113.538506, 113.53907, 113.53907, 113.53907, 113.53907, 113.53907]",0.23988292903301456
5,32,50,16,tanh,rmsprop,huber_loss,"[113.653114, 113.65266, 113.65233, 113.65279, 113.65279, 113.65279, 113.65279, 113.65279]",0.23912280556333665
5,32,50,16,tanh,rmsprop,<__main__.QuantileLoss object at 0x7fc1158618e0>,"[76.97667, 76.97666, 76.97665, 76.976616, 76.976616, 76.976616, 76.976616, 76.976616]",0.4846604556815777
5,32,50,16,tanh,rmsprop,<__main__.QuantileLoss object at 0x7fc065822790>,"[161.18637, 161.17, 161.18893, 161.28925, 161.28923, 161.28932, 161.2895, 161.2895]",0.23452128496165164
5,32,50,32,relu,adam,mse,"[192.80165, 87.39842, 67.75564, 64.79489, 101.38633, 143.25412, 130.78119, 70.0492]",0.3330656320440565
5,32,50,32,relu,adam,huber_loss,"[196.73413, 57.377663, 51.566578, 61.52105, 51.76743, 42.151802, 42.217197, 48.299076]",0.5851823401974401
5,32,50,32,relu,adam,<__main__.QuantileLoss object at 0x7fc1158618e0>,"[190.82455, 108.86822, 174.3621, 85.995735, 177.97809, 122.879654, 133.83295, 103.72087]",0.19904449473761207
5,32,50,32,relu,adam,<__main__.QuantileLoss object at 0x7fc065822790>,"[201.29585, 135.86671, 189.08414, 682.05865, 790.35925, 3646.131, 19560.596, 70852.35]",98.58693630434689
5,32,50,32,relu,rmsprop,mse,"[124.65343, 121.70825, 125.24782, 130.51387, 130.13826, 132.48366, 134.76189, 135.14423]",0.1804779291617124
5,32,50,32,relu,rmsprop,huber_loss,"[113.65619, 113.65541, 113.65552, 113.65585, 113.65585, 113.65585, 113.65585, 113.65585]",0.23910246080547123
5,32,50,32,relu,rmsprop,<__main__.QuantileLoss object at 0x7fc1158618e0>,"[77.0812, 77.08119, 77.08119, 77.08118, 77.08118, 77.08118, 77.08118, 77.08118]",0.48396049615189396
5,32,50,32,relu,rmsprop,<__main__.QuantileLoss object at 0x7fc065822790>,"[196.35129, 199.51447, 237.8337, 362.15796, 440.44016, 737.46405, 1677.1995, 4454.679]",7.224157485836742
5,32,50,32,tanh,adam,mse,"[196.64668, 131.96355, 90.58745, 196.296, 129.64238, 66.657776, 196.33728, 176.06538]",0.35017349701625355
5,32,50,32,tanh,adam,huber_loss,"[196.65985, 223.39777, 224.7216, 223.25314, 223.25215, 223.2507, 223.25044, 223.25044]",0.5299955776127868
5,32,50,32,tanh,adam,<__main__.QuantileLoss object at 0x7fc1158618e0>,"[94.42966, 91.038185, 68.870514, 79.987076, 98.493546, 85.8622, 96.788475, 78.04617]",0.4181924368288211
5,32,50,32,tanh,adam,<__main__.QuantileLoss object at 0x7fc065822790>,"[199.18715, 104.179924, 142.28564, 207.62274, 108.32332, 205.38898, 207.69826, 189.97647]",0.4138945772597728
5,32,50,32,tanh,rmsprop,mse,"[113.73267, 113.72162, 113.71428, 113.73172, 113.7317, 113.7317, 113.73173, 113.73173]",0.23861155137197232
5,32,50,32,tanh,rmsprop,huber_loss,"[113.53757, 113.53757, 113.53768, 113.53751, 113.53751, 113.53751, 113.53751, 113.53751]",0.23989417925212786
5,32,50,32,tanh,rmsprop,<__main__.QuantileLoss object at 0x7fc1158618e0>,"[77.01362, 77.01383, 77.013985, 77.01423, 77.01423, 77.01423, 77.01423, 77.01423]",0.4844095110245277
5,32,50,32,tanh,rmsprop,<__main__.QuantileLoss object at 0x7fc065822790>,"[160.77336, 160.76318, 160.7835, 160.85263, 160.85263, 160.85268, 160.85277, 160.85277]",0.23252793785679599
5,50,30,16,relu,adam,mse,"[166.53311, 195.04662, 509.31873, 1907.0538, 8833.551, 62540.71, 397305.12, 2556968.0]",3198.2581538911004
5,50,30,16,relu,adam,huber_loss,"[178.82262, 131.78453, 351.9586, 1376.6501, 4108.1504, 38975.45, 291220.97, 2064840.4]",2542.1085421910893
5,50,30,16,relu,adam,<__main__.QuantileLoss object at 0x7fc1158618e0>,"[74.57072, 75.85827, 96.256836, 93.81879, 92.97419, 77.20377, 81.03683, 93.99619]",0.423638851380993
5,50,30,16,relu,adam,<__main__.QuantileLoss object at 0x7fc065822790>,"[193.43274, 207.05113, 250.97246, 412.9619, 670.69543, 1501.3523, 5855.6924, 30214.793]",39.90998291581085
5,50,30,16,relu,rmsprop,mse,"[113.72738, 113.721436, 113.72053, 113.726074, 113.726074, 113.726074, 113.72609, 113.72609]",0.23863811466740853
5,50,30,16,relu,rmsprop,huber_loss,"[113.65207, 113.65173, 113.65172, 113.65196, 113.65196, 113.65196, 113.65196, 113.65196]",0.23912840398971275
5,50,30,16,relu,rmsprop,<__main__.QuantileLoss object at 0x7fc1158618e0>,"[77.213905, 77.21391, 77.21392, 77.21392, 77.21392, 77.21392, 77.21392, 77.21392]",0.4830718562038462
5,50,30,16,relu,rmsprop,<__main__.QuantileLoss object at 0x7fc065822790>,"[163.13785, 163.09334, 163.16812, 163.49861, 163.49858, 163.49939, 163.5011, 163.50108]",0.24461224956836108
5,50,30,16,tanh,adam,mse,"[148.82768, 106.081635, 131.42555, 142.51373, 120.713234, 157.65935, 149.09464, 159.54099]",0.2414993241469604
5,50,30,16,tanh,adam,huber_loss,"[161.40211, 80.6718, 79.39502, 161.95657, 105.71443, 97.03625, 161.9575, 85.321014]",0.31375182723963263
5,50,30,16,tanh,adam,<__main__.QuantileLoss object at 0x7fc1158618e0>,"[97.37991, 71.81169, 68.76278, 86.523254, 84.05333, 84.319, 87.20937, 87.05331]",0.4401167580459829
5,50,30,16,tanh,adam,<__main__.QuantileLoss object at 0x7fc065822790>,"[160.99136, 160.94376, 160.9384, 161.11082, 161.11072, 161.1107, 161.11111, 161.11111]",0.23371697861086627
5,50,30,16,tanh,rmsprop,mse,"[113.67114, 113.669945, 113.670006, 113.67104, 113.67104, 113.67104, 113.67104, 113.67104]",0.23900181561036848
5,50,30,16,tanh,rmsprop,huber_loss,"[113.649796, 113.64976, 113.64975, 113.649796, 113.649796, 113.649796, 113.649796, 113.649796]",0.23914270035851218
5,50,30,16,tanh,rmsprop,<__main__.QuantileLoss object at 0x7fc1158618e0>,"[77.173416, 77.173416, 77.173416, 77.17343, 77.17343, 77.17343, 77.17343, 77.17343]",0.4833429360052539
5,50,30,16,tanh,rmsprop,<__main__.QuantileLoss object at 0x7fc065822790>,"[161.05673, 161.05476, 161.05695, 161.07178, 161.07178, 161.07178, 161.0718, 161.0718]",0.2335221864026098
5,50,30,32,relu,adam,mse,"[200.87721, 148.49527, 555.7205, 2839.0486, 11035.793, 105498.97, 66.72613, 66.72613]",115.49024467973659
5,50,30,32,relu,adam,huber_loss,"[165.82808, 126.61858, 124.375114, 174.97177, 185.5672, 244.26923, 328.50055, 547.315]",0.9473029725962714
5,50,30,32,relu,adam,<__main__.QuantileLoss object at 0x7fc1158618e0>,"[74.52026, 78.81001, 99.32128, 104.248886, 92.87898, 74.450905, 82.8984, 99.99375]",0.4044981186941418
5,50,30,32,relu,adam,<__main__.QuantileLoss object at 0x7fc065822790>,"[198.7246, 192.28452, 232.94643, 366.75345, 431.99216, 786.94165, 1956.7748, 5478.5547]",8.618048422611611
5,50,30,32,relu,rmsprop,mse,"[113.7253, 113.71822, 113.7175, 113.72322, 113.72321, 113.72321, 113.72322, 113.72322]",0.23865724459586965
5,50,30,32,relu,rmsprop,huber_loss,"[113.65124, 113.650986, 113.65108, 113.65124, 113.65124, 113.65124, 113.65124, 113.65124]",0.23913328573054565
5,50,30,32,relu,rmsprop,<__main__.QuantileLoss object at 0x7fc1158618e0>,"[77.16544, 77.16544, 77.16546, 77.16548, 77.16548, 77.16548, 77.16548, 77.16548]",0.48339619326766037
5,50,30,32,relu,rmsprop,<__main__.QuantileLoss object at 0x7fc065822790>,"[160.7403, 160.72464, 160.81558, 161.09984, 161.1, 161.10094, 161.10233, 161.10233]",0.23368781571638925
5,50,30,32,tanh,adam,mse,"[156.91089, 93.72815, 119.65074, 204.2138, 80.27124, 203.74951, 204.28806, 136.78807]",0.4175535755921888
5,50,30,32,tanh,adam,huber_loss,"[127.64183, 126.9301, 126.76686, 127.6697, 127.64514, 127.638695, 127.66793, 127.66711]",0.17365743858630256
5,50,30,32,tanh,adam,<__main__.QuantileLoss object at 0x7fc1158618e0>,"[113.162544, 80.69042, 86.678604, 85.004715, 86.39167, 91.4348, 90.35741, 99.88553]",0.3903174868795918
5,50,30,32,tanh,adam,<__main__.QuantileLoss object at 0x7fc065822790>,"[161.21748, 161.12453, 161.0272, 161.49359, 161.49307, 161.49254, 161.49516, 161.49516]",0.23553674310665548
5,50,30,32,tanh,rmsprop,mse,"[113.52758, 113.52582, 113.525566, 113.52738, 113.52738, 113.52738, 113.52738, 113.52738]",0.23996435009718536
5,50,30,32,tanh,rmsprop,huber_loss,"[113.650276, 113.65014, 113.65015, 113.65028, 113.65028, 113.65028, 113.65028, 113.65028]",0.23913957359133226
5,50,30,32,tanh,rmsprop,<__main__.QuantileLoss object at 0x7fc1158618e0>,"[76.956116, 76.9562, 76.9563, 76.95652, 76.95652, 76.95652, 76.95652, 76.95652]",0.4847956729063749
5,50,30,32,tanh,rmsprop,<__main__.QuantileLoss object at 0x7fc065822790>,"[160.99702, 160.99391, 160.99652, 161.01443, 161.01443, 161.01443, 161.01445, 161.01445]",0.23326106909206462
5,50,50,16,relu,adam,mse,"[194.92003, 130.63664, -82.763054, 23.7341, 67.95033, 68.84768, 68.87983, 136.98479]",0.5202692689822019
5,50,50,16,relu,adam,huber_loss,"[194.73259, 176.67438, 294.24307, 1562.0537, 3205.3333, 27846.75, 190058.06, 761374.56]",1025.8876778939741
5,50,50,16,relu,adam,<__main__.QuantileLoss object at 0x7fc1158618e0>,"[196.81786, 91.8587, 160.49747, 107.61422, 102.11243, 145.38953, 80.432304, 71.12155]",0.28193602351314107
5,50,50,16,relu,adam,<__main__.QuantileLoss object at 0x7fc065822790>,"[196.30823, 238.81996, 329.20828, 726.9053, 1502.8094, 5230.0303, 26701.955, 119499.65]",160.062941810465
5,50,50,16,relu,rmsprop,mse,"[113.67391, 113.673134, 113.672615, 113.67345, 113.67345, 113.67345, 113.67345, 113.67345]",0.2389847719030026
5,50,50,16,relu,rmsprop,huber_loss,"[113.541504, 113.54007, 113.539925, 113.54095, 113.54095, 113.54095, 113.54095, 113.54095]",0.23987234711777952
5,50,50,16,relu,rmsprop,<__main__.QuantileLoss object at 0x7fc1158618e0>,"[76.96516, 76.96516, 76.965164, 76.965164, 76.965164, 76.965164, 76.965164, 76.965164]",0.484737215005387
5,50,50,16,relu,rmsprop,<__main__.QuantileLoss object at 0x7fc065822790>,"[190.38379, 179.2299, 203.39882, 269.83, 276.5445, 330.8782, 429.93857, 506.52167]",1.1962670985261077
5,50,50,16,tanh,adam,mse,"[196.63916, 194.26012, 211.02525, 21.222107, 21.642979, 20.228563, 30.882015, 30.853962]",0.5720501592140619
5,50,50,16,tanh,adam,huber_loss,"[194.65341, 104.615715, 126.28685, 92.26487, 116.15513, 204.42737, 69.63115, 88.87765]",0.3401312603940654
5,50,50,16,tanh,adam,<__main__.QuantileLoss object at 0x7fc1158618e0>,"[153.67625, 80.27069, 89.121826, 100.08749, 92.48303, 126.70507, 90.11696, 75.26396]",0.3410113051199127
5,50,50,16,tanh,adam,<__main__.QuantileLoss object at 0x7fc065822790>,"[196.59854, 86.75518, 191.50961, 201.45145, 83.99717, 201.43901, 201.46118, 85.29569]",0.3614616191479087
5,50,50,16,tanh,rmsprop,mse,"[113.67063, 113.66994, 113.670235, 113.670654, 113.670654, 113.67065, 113.670654, 113.67065]",0.23900384869991959
5,50,50,16,tanh,rmsprop,huber_loss,"[113.53944, 113.53934, 113.539345, 113.53942, 113.53942, 113.53942, 113.53942, 113.53942]",0.23988167651893322
5,50,50,16,tanh,rmsprop,<__main__.QuantileLoss object at 0x7fc1158618e0>,"[77.202545, 77.20244, 77.20239, 77.202255, 77.202255, 77.202255, 77.202255, 77.202255]",0.48314955981867547
5,50,50,16,tanh,rmsprop,<__main__.QuantileLoss object at 0x7fc065822790>,"[160.43225, 160.42508, 160.43094, 160.47417, 160.47414, 160.47417, 160.4742, 160.4742]",0.2308037469614696
5,50,50,32,relu,adam,mse,"[202.6503, 120.83391, 54.708385, 43.43108, 69.195175, 70.621895, 71.71673, 101.333755]",0.41710570439822836
5,50,50,32,relu,adam,huber_loss,"[195.23595, 75.84177, 71.47972, 70.92969, 205.13077, 93.4091, 71.90811, 70.54244]",0.438690421029446
5,50,50,32,relu,adam,<__main__.QuantileLoss object at 0x7fc1158618e0>,"[185.86833, 74.8714, 194.18118, 108.482056, 130.57521, 104.193954, 71.0226, 122.590225]",0.23192481837511963
5,50,50,32,relu,adam,<__main__.QuantileLoss object at 0x7fc065822790>,"[203.55637, 356.8836, 653.7802, 3001.3792, 13028.073, 75925.73, 543353.94, 2825905.0]",3637.7030457815454
5,50,50,32,relu,rmsprop,mse,"[113.77841, 113.769035, 113.77065, 113.773155, 113.77314, 113.77314, 113.773155, 113.773155]",0.23831881316857972
5,50,50,32,relu,rmsprop,huber_loss,"[113.53966, 113.53956, 113.53956, 113.53963, 113.53963, 113.53963, 113.53963, 113.53963]",0.23988027264669975
5,50,50,32,relu,rmsprop,<__main__.QuantileLoss object at 0x7fc1158618e0>,"[77.067924, 77.06792, 77.06791, 77.06789, 77.06789, 77.06789, 77.06789, 77.06789]",0.484049447342381
5,50,50,32,relu,rmsprop,<__main__.QuantileLoss object at 0x7fc065822790>,"[200.04364, 200.04861, 248.38972, 458.84842, 734.4233, 2431.6357, 13338.851, 75123.016]",96.2882566993874
5,50,50,32,tanh,adam,mse,"[196.6058, 89.80837, 198.66594, 198.7101, 198.52792, 198.7102, 198.7102, 198.7102]",0.41734802274835825
5,50,50,32,tanh,adam,huber_loss,"[196.63966, 85.18083, 201.33446, 201.56105, 200.86137, 201.56178, 201.5618, 201.56172]",0.432903964933349
5,50,50,32,tanh,adam,<__main__.QuantileLoss object at 0x7fc1158618e0>,"[118.54605, 88.67278, 86.9806, 123.60021, 119.90372, 86.02175, 123.88703, 124.859055]",0.28348079227028933
5,50,50,32,tanh,adam,<__main__.QuantileLoss object at 0x7fc065822790>,"[194.94894, 185.8023, 172.08115, 207.90388, 207.838, 207.5629, 207.91612, 207.9162]",0.4544654988973036
5,50,50,32,tanh,rmsprop,mse,"[113.680664, 113.67806, 113.6777, 113.67898, 113.67898, 113.67898, 113.67898, 113.67898]",0.2389478422879034
5,50,50,32,tanh,rmsprop,huber_loss,"[113.65003, 113.649925, 113.649925, 113.650024, 113.650024, 113.650024, 113.650024, 113.650024]",0.23914124356885097
5,50,50,32,tanh,rmsprop,<__main__.QuantileLoss object at 0x7fc1158618e0>,"[77.05624, 77.05614, 77.05601, 77.05574, 77.05574, 77.05574, 77.05574, 77.05574]",0.4841300853133077
5,50,50,32,tanh,rmsprop,<__main__.QuantileLoss object at 0x7fc065822790>,"[160.98613, 160.98228, 160.98743, 161.00809, 161.00809, 161.00812, 161.00812, 161.00812]",0.23323174378483297
5,64,30,16,relu,adam,mse,"[194.3822, 83.64266, 63.07463, 60.91397, 63.880955, 95.63501, 106.28509, 85.96414]",0.3980871873549937
5,64,30,16,relu,adam,huber_loss,"[198.62718, 123.616196, 859.96094, 8879.221, 75371.336, 1127479.8, 13537184.0, 157948020.0]",184639.1934680479
5,64,30,16,relu,adam,<__main__.QuantileLoss object at 0x7fc1158618e0>,"[121.72104, 99.78634, 70.28034, 121.62823, 98.21315, 109.79796, 119.89305, 67.71111]",0.32495698902192605
5,64,30,16,relu,adam,<__main__.QuantileLoss object at 0x7fc065822790>,"[196.12631, 183.81168, 194.19803, 283.27692, 280.6503, 322.80548, 441.45032, 473.84872]",1.1851738898987896
5,64,30,16,relu,rmsprop,mse,"[113.70345, 113.70116, 113.700226, 113.70212, 113.70212, 113.70212, 113.70212, 113.70212]",0.23879348069578504
5,64,30,16,relu,rmsprop,huber_loss,"[113.53977, 113.5397, 113.53972, 113.539734, 113.539734, 113.539734, 113.539734, 113.539734]",0.23987949294823613
5,64,30,16,relu,rmsprop,<__main__.QuantileLoss object at 0x7fc1158618e0>,"[77.106445, 77.10645, 77.10645, 77.10646, 77.10646, 77.10646, 77.10646, 77.10646]",0.4837912787050322
5,64,30,16,relu,rmsprop,<__main__.QuantileLoss object at 0x7fc065822790>,"[160.83205, 160.77838, 160.85121, 161.16168, 161.1616, 161.16245, 161.16394, 161.16394]",0.2339602849581205
5,64,30,16,tanh,adam,mse,"[140.89926, 141.90895, 144.71315, 135.37889, 135.30408, 135.14865, 135.98802, 135.9989]",0.13930347016616187
5,64,30,16,tanh,adam,huber_loss,"[188.4373, 94.7182, 188.52602, 189.65317, 187.30579, 189.66006, 189.6596, 189.66048]",0.37766868501205797
5,64,30,16,tanh,adam,<__main__.QuantileLoss object at 0x7fc1158618e0>,"[97.503006, 87.06085, 81.90138, 81.67908, 90.30364, 92.62817, 90.10361, 84.161644]",0.4114822101776261
5,64,30,16,tanh,adam,<__main__.QuantileLoss object at 0x7fc065822790>,"[161.03462, 160.98419, 160.93211, 161.19673, 161.19658, 161.1964, 161.19727, 161.19727]",0.23414345287648267
5,64,30,16,tanh,rmsprop,mse,"[113.52684, 113.526024, 113.52619, 113.52665, 113.52665, 113.52665, 113.52665, 113.52665]",0.23996774245100028
5,64,30,16,tanh,rmsprop,huber_loss,"[113.64915, 113.64919, 113.64921, 113.64916, 113.64916, 113.64916, 113.64916, 113.64916]",0.23914684116684864
5,64,30,16,tanh,rmsprop,<__main__.QuantileLoss object at 0x7fc1158618e0>,"[77.10945, 77.10942, 77.109406, 77.10937, 77.10937, 77.10937, 77.10937, 77.10937]",0.4837716908447718
5,64,30,16,tanh,rmsprop,<__main__.QuantileLoss object at 0x7fc065822790>,"[160.7157, 160.71545, 160.71577, 160.71683, 160.71683, 160.71683, 160.71683, 160.71683]",0.2319038259589252
5,64,30,32,relu,adam,mse,"[199.90256, 106.963524, 273.4379, 987.27716, 1786.2585, 16352.961, 110040.836, 591830.56]",757.919000644806
5,64,30,32,relu,adam,huber_loss,"[208.42123, 69.39898, 64.169556, 63.72155, 98.634285, 115.41077, 131.55841, 76.38687]",0.335860498762932
5,64,30,32,relu,adam,<__main__.QuantileLoss object at 0x7fc1158618e0>,"[93.87672, 76.372696, 82.48152, 81.4826, 90.32233, 89.47613, 86.43402, 80.25906]",0.43263091250177893
5,64,30,32,relu,adam,<__main__.QuantileLoss object at 0x7fc065822790>,"[187.28136, 199.1392, 267.67822, 564.05054, 897.5406, 2427.0007, 10220.406, 37995.9]",53.480229488066215
5,64,30,32,relu,rmsprop,mse,"[113.684494, 113.68372, 113.683754, 113.68462, 113.68462, 113.68462, 113.68462, 113.68462]",0.23891076374742876
5,64,30,32,relu,rmsprop,huber_loss,"[113.649895, 113.649796, 113.64989, 113.649956, 113.649956, 113.649956, 113.649956, 113.649956]",0.23914177323497143
5,64,30,32,relu,rmsprop,<__main__.QuantileLoss object at 0x7fc1158618e0>,"[77.134445, 77.13444, 77.13442, 77.13438, 77.13438, 77.13438, 77.13438, 77.13438]",0.48360425828395043
5,64,30,32,relu,rmsprop,<__main__.QuantileLoss object at 0x7fc065822790>,"[158.71158, 158.68468, 158.76271, 158.94077, 158.9408, 158.94127, 158.94186, 158.94186]",0.22382405724632654
5,64,30,32,tanh,adam,mse,"[161.7052, 86.25979, 86.308754, 161.91641, 149.56485, 120.040924, 161.91678, 161.89192]",0.28751231932022614
5,64,30,32,tanh,adam,huber_loss,"[159.80574, 76.62449, 92.1192, 160.60321, 131.6912, 74.24467, 160.60478, 160.47552]",0.3235368474099699
5,64,30,32,tanh,adam,<__main__.QuantileLoss object at 0x7fc1158618e0>,"[94.467476, 89.729454, 87.562, 82.1631, 87.99445, 91.125626, 91.8656, 86.02108]",0.4073647301757895
5,64,30,32,tanh,adam,<__main__.QuantileLoss object at 0x7fc065822790>,"[161.02032, 160.98944, 160.98329, 161.13632, 161.13628, 161.13626, 161.13657, 161.13657]",0.23383743151362468
5,64,30,32,tanh,rmsprop,mse,"[113.52661, 113.525826, 113.526054, 113.526245, 113.52625, 113.526245, 113.526245, 113.526245]",0.2399700344938679
5,64,30,32,tanh,rmsprop,huber_loss,"[113.64924, 113.649254, 113.649254, 113.64925, 113.64925, 113.64925, 113.64925, 113.64925]",0.23914631499417943
5,64,30,32,tanh,rmsprop,<__main__.QuantileLoss object at 0x7fc1158618e0>,"[77.17518, 77.17517, 77.17516, 77.175156, 77.175156, 77.175156, 77.175156, 77.175156]",0.48333133486505725
5,64,30,32,tanh,rmsprop,<__main__.QuantileLoss object at 0x7fc065822790>,"[160.47832, 160.47647, 160.47876, 160.49002, 160.49002, 160.49, 160.49002, 160.49002]",0.23087198655383143
5,64,50,16,relu,adam,mse,"[199.02693, 74.66114, 66.4178, 64.90012, 121.59821, 101.77414, 102.5827, 195.81998]",0.39732720014047107
5,64,50,16,relu,adam,huber_loss,"[190.65082, 118.45469, 247.11617, 1074.6788, 2245.9514, 21165.344, 147188.05, 835648.6]",1060.690288505408
5,64,50,16,relu,adam,<__main__.QuantileLoss object at 0x7fc1158618e0>,"[193.59848, 68.505684, 113.31936, 491.66348, 155.0237, 1297.8461, 9958.15, 6555.3843]",17.329218326578133
5,64,50,16,relu,adam,<__main__.QuantileLoss object at 0x7fc065822790>,"[205.75775, 435.6104, 915.1108, 4272.942, 23273.39, 138308.14, 983329.3, 6008936.5]",7554.600471374787
5,64,50,16,relu,rmsprop,mse,"[113.48371, 113.47378, 113.47481, 113.481094, 113.48109, 113.481094, 113.481094, 113.481094]",0.24028015806144923
5,64,50,16,relu,rmsprop,huber_loss,"[113.539764, 113.539665, 113.53971, 113.53976, 113.53976, 113.53976, 113.53976, 113.53976]",0.2398794228451522
5,64,50,16,relu,rmsprop,<__main__.QuantileLoss object at 0x7fc1158618e0>,"[77.21463, 77.21464, 77.21465, 77.21466, 77.21466, 77.21466, 77.21466, 77.21466]",0.48306692653861366
5,64,50,16,relu,rmsprop,<__main__.QuantileLoss object at 0x7fc065822790>,"[162.4566, 162.23486, 162.83107, 164.35742, 164.3605, 164.39166, 164.43372, 164.43419]",0.24874604164820108
